{"world": {"dims": [600, 600], "bts": 0.01, "gravity": 200, "defaults": {"density": 1, "friction": 0.5, "elasticity": 0.5, "color": "black", "bk_color": "white"}, "objects": {"_LeftWall": {"type": "Poly", "color": "black", "density": 0, "vertices": [[-1, -1], [-1, 601], [1, 601], [1, -1]]}, "_BottomWall": {"type": "Poly", "color": "black", "density": 0, "vertices": [[-1, -1], [-1, 1], [601, 1], [601, -1]]}, "_RightWall": {"type": "Poly", "color": "black", "density": 0, "vertices": [[599, -1], [599, 601], [601, 601], [601, -1]]}, "_TopWall": {"type": "Poly", "color": "black", "density": 0, "vertices": [[-1, 599], [-1, 601], [601, 601], [601, 599]]}, "Strut": {"type": "Poly", "color": "black", "density": 0, "vertices": [[290, 0], [290, 82], [310, 82], [310, 0]]}, "Cradle": {"type": "Poly", "color": "black", "density": 0, "vertices": [[150, 0], [150, 80], [180, 80], [180, 0]]}, "Goal": {"type": "Container", "color": "black", "density": 0, "points": [[500, 110], [530, 2], [598, 2], [598, 110]], "width": 5, "innerColor": "green", "outerColor": "black"}, "Catapult": {"type": "Compound", "color": "blue", "density": 1, "polys": [[[150, 82], [150, 97], [165, 97], [165, 82]], [[150, 97], [150, 132], [165, 132], [165, 97]], [[165, 82], [165, 97], [425, 97], [425, 82]]]}, "Ball": {"type": "Ball", "color": "red", "density": 1, "position": [200, 112], "radius": 15}}, "blocks": {}, "constraints": {}, "gcond": {"type": "SpecificInGoal", "goal": "Goal", "obj": "Ball", "duration": 1}}, "tools": {"obj1": [[[-30, 20], [30, 20], [0, -20]]], "obj2": [[[-36, -36], [-36, 36], [36, 36], [36, -36]]], "obj3": [[[-40, -10], [-40, 10], [40, 10], [40, -10]]]}, "toolNames": ["obj1", "obj2", "obj3"], "sucText": "Get the red ball into the green goal"}