{"world": {"dims": [600, 600], "bts": 0.01, "gravity": 200, "defaults": {"density": 1, "friction": 0.5, "elasticity": 0.5, "color": "black", "bk_color": "white"}, "objects": {"_LeftWall": {"type": "Poly", "color": "black", "density": 0, "vertices": [[-1, -1], [-1, 601], [1, 601], [1, -1]]}, "_BottomWall": {"type": "Poly", "color": "black", "density": 0, "vertices": [[-1, -1], [-1, 1], [601, 1], [601, -1]]}, "_RightWall": {"type": "Poly", "color": "black", "density": 0, "vertices": [[599, -1], [599, 601], [601, 601], [601, -1]]}, "_TopWall": {"type": "Poly", "color": "black", "density": 0, "vertices": [[-1, 599], [-1, 601], [601, 601], [601, 599]]}, "Pillar1": {"type": "Poly", "color": "black", "density": 0, "vertices": [[0, 0], [0, 290], [100, 290], [100, 0]]}, "Pillar2": {"type": "Poly", "color": "black", "density": 0, "vertices": [[200, 0], [200, 225], [220, 225], [220, 0]]}, "Pillar3": {"type": "Poly", "color": "black", "density": 0, "vertices": [[300, 0], [300, 150], [320, 150], [320, 0]]}, "Goal": {"type": "Container", "color": "black", "density": 0, "points": [[330, 100], [330, 0], [400, 0], [400, 100]], "width": 5, "innerColor": "green", "outerColor": "black"}, "LeftSupport": {"type": "Poly", "color": "black", "density": 0, "vertices": [[500, 120], [500, 130], [600, 130], [600, 120]]}, "Ball1": {"type": "Ball", "color": "red", "density": 1, "position": [80, 310], "radius": 20}, "Ball2": {"type": "Ball", "color": "red", "density": 1, "position": [210, 245], "radius": 20}, "Ball3": {"type": "Ball", "color": "red", "density": 1, "position": [310, 170], "radius": 20}, "HerringBall": {"type": "Ball", "color": "red", "density": 1, "position": [520, 150], "radius": 20}}, "blocks": {"Blocker": {"color": "grey", "vertices": [[100, 0], [100, 600], [500, 600], [500, 0]]}}, "constraints": {}, "gcond": {"type": "ManyInGoal", "objlist": ["Ball1", "Ball2", "Ball3", "HerringBall"], "goal": "Goal", "duration": 1}}, "tools": {"obj1": [[[-30, -25], [-30, 25], [30, 25], [30, 5], [0, -25]]], "obj2": [[[-30, 5], [-30, 25], [30, 25], [30, -25], [0, -25]]], "obj3": [[[-20, 20], [20, 20], [0, -20]]]}, "toolNames": ["obj1", "obj2", "obj3"], "sucText": "Get any red ball into the goal"}