{"world": {"dims": [600, 600], "bts": 0.01, "gravity": 200, "defaults": {"density": 1, "friction": 0.5, "elasticity": 0.5, "color": "black", "bk_color": "white"}, "objects": {"_LeftWall": {"type": "Poly", "color": "black", "density": 0, "vertices": [[-1, -1], [-1, 601], [1, 601], [1, -1]]}, "_BottomWall": {"type": "Poly", "color": "black", "density": 0, "vertices": [[-1, -1], [-1, 1], [601, 1], [601, -1]]}, "_RightWall": {"type": "Poly", "color": "black", "density": 0, "vertices": [[599, -1], [599, 601], [601, 601], [601, -1]]}, "_TopWall": {"type": "Poly", "color": "black", "density": 0, "vertices": [[-1, 599], [-1, 601], [601, 601], [601, 599]]}, "Slope": {"type": "Poly", "color": "black", "density": 0, "vertices": [[0, 0], [0, 400], [280, 250], [280, 0]]}, "Support": {"type": "Poly", "color": "blue", "density": 1, "vertices": [[310, 230], [310, 250], [390, 250], [390, 230]]}, "StrutSupport": {"type": "Poly", "color": "black", "density": 0, "vertices": [[280, 0], [280, 110], [400, 110], [400, 0]]}, "Goal": {"type": "Container", "color": "black", "density": 0, "points": [[400, 200], [400, 5], [550, 5], [550, 200]], "width": 10, "innerColor": "green", "outerColor": "black"}, "Ball": {"type": "Ball", "color": "red", "density": 1, "position": [100, 450], "radius": 15}}, "blocks": {}, "constraints": {}, "gcond": {"type": "SpecificInGoal", "goal": "Goal", "obj": "Ball", "duration": 2}}, "tools": {"obj1": [[[-5, -35], [-40, 35], [40, 35], [5, -35]]], "obj2": [[[-40, -35], [-5, 35], [5, 35], [40, -35]]], "obj3": [[[-3.5, -28], [-3.5, 28], [3.5, 28], [3.5, -28]]]}, "toolNames": ["obj1", "obj2", "obj3"], "sucText": "Get the red ball into the green goal"}