{"world": {"dims": [600, 600], "bts": 0.01, "gravity": 200, "defaults": {"density": 1, "friction": 0.5, "elasticity": 0.5, "color": "black", "bk_color": "white"}, "objects": {"_LeftWall": {"type": "Poly", "color": "black", "density": 0, "vertices": [[-1, -1], [-1, 601], [1, 601], [1, -1]]}, "_BottomWall": {"type": "Poly", "color": "black", "density": 0, "vertices": [[-1, -1], [-1, 1], [601, 1], [601, -1]]}, "_RightWall": {"type": "Poly", "color": "black", "density": 0, "vertices": [[599, -1], [599, 601], [601, 601], [601, -1]]}, "_TopWall": {"type": "Poly", "color": "black", "density": 0, "vertices": [[-1, 599], [-1, 601], [601, 601], [601, 599]]}, "Table": {"type": "Poly", "color": "black", "density": 0, "vertices": [[0, 0], [0, 200], [300, 200], [300, 0]]}, "Goal": {"type": "Container", "color": "black", "density": 0, "points": [[360, 100], [360, 5], [550, 5], [550, 100]], "width": 10, "innerColor": "green", "outerColor": "black"}, "Ball": {"type": "Ball", "color": "red", "density": 1, "position": [150, 215], "radius": 15}, "Blocker": {"type": "Poly", "color": "black", "density": 0, "vertices": [[135, 260], [135, 280], [200, 280], [200, 260]]}}, "blocks": {}, "constraints": {}, "gcond": {"type": "SpecificInGoal", "goal": "Goal", "obj": "Ball", "duration": 2}}, "tools": {"obj1": [[[-30, -25], [-30, 25], [30, 25], [30, 5], [0, -25]]], "obj2": [[[25, 10], [37, 10], [37, 0], [25, 0]], [[25, 0], [37, 0], [37, -5], [25, -5]], [[-25, 10], [25, 10], [25, 0], [-25, 0]], [[-37, 10], [-25, 10], [-25, 0], [-37, 0]], [[-37, 0], [-25, 0], [-25, -30], [-37, -30]]], "obj3": [[[-30, -40], [-40, -40], [30, 40], [40, 40]]]}, "toolNames": ["obj1", "obj2", "obj3"], "sucText": "Get the red ball into the green goal"}