{"world": {"dims": [600, 600], "bts": 0.01, "gravity": 200, "defaults": {"density": 1, "friction": 0.5, "elasticity": 0.5, "color": "black", "bk_color": "white"}, "objects": {"_LeftWall": {"type": "Poly", "color": "black", "density": 0, "vertices": [[-1, -1], [-1, 601], [1, 601], [1, -1]]}, "_BottomWall": {"type": "Poly", "color": "black", "density": 0, "vertices": [[-1, -1], [-1, 1], [601, 1], [601, -1]]}, "_RightWall": {"type": "Poly", "color": "black", "density": 0, "vertices": [[599, -1], [599, 601], [601, 601], [601, -1]]}, "_TopWall": {"type": "Poly", "color": "black", "density": 0, "vertices": [[-1, 599], [-1, 601], [601, 601], [601, 599]]}, "RightWall": {"type": "Poly", "color": "black", "density": 0, "vertices": [[500, 80], [500, 300], [600, 300], [600, 80]]}, "Goal": {"type": "Container", "color": "black", "density": 0, "points": [[455, 80], [455, 5], [505, 5], [505, 80]], "width": 10, "innerColor": "green", "outerColor": "black"}, "TopWall1": {"type": "Poly", "color": "black", "density": 0, "vertices": [[100, 300], [445, 300], [445, 225], [265, 225]]}, "TopWall2": {"type": "Poly", "color": "black", "density": 0, "vertices": [[265, 225], [450, 225], [450, 150]]}, "Slope": {"type": "Poly", "color": "black", "density": 0, "vertices": [[0, 300], [450, 100], [450, 0], [0, 0]]}, "Ball": {"type": "Ball", "color": "red", "density": 1, "position": [25, 500], "radius": 15}, "Blocker": {"type": "Poly", "color": "blue", "density": 1, "vertices": [[465, 400], [465, 490], [495, 490], [495, 400]]}}, "blocks": {}, "constraints": {}, "gcond": {"type": "SpecificInGoal", "goal": "Goal", "obj": "Ball", "duration": 2}}, "tools": {"obj1": [[[-10, -40], [-10, 40], [10, 40], [10, -40]]], "obj2": [[[10, 40], [10, 35], [-10, -40], [-10, -35]]], "obj3": [[[-28, -2], [-28, 2], [28, 2], [28, -2]]]}, "toolNames": ["obj1", "obj2", "obj3"], "sucText": "Get the red ball into the green goal"}