{"world": {"dims": [600, 600], "bts": 0.01, "gravity": 200, "defaults": {"density": 1, "friction": 0.5, "elasticity": 0.5, "color": "black", "bk_color": "white"}, "objects": {"_LeftWall": {"type": "Poly", "color": "black", "density": 0, "vertices": [[-1, -1], [-1, 601], [1, 601], [1, -1]]}, "_BottomWall": {"type": "Poly", "color": "black", "density": 0, "vertices": [[-1, -1], [-1, 1], [601, 1], [601, -1]]}, "_RightWall": {"type": "Poly", "color": "black", "density": 0, "vertices": [[599, -1], [599, 601], [601, 601], [601, -1]]}, "_TopWall": {"type": "Poly", "color": "black", "density": 0, "vertices": [[-1, 599], [-1, 601], [601, 601], [601, 599]]}, "Slope": {"type": "Poly", "color": "black", "density": 0, "vertices": [[0, 0], [0, 250], [200, 120], [200, 0]]}, "SeeSaw": {"type": "Poly", "color": "blue", "density": 1, "vertices": [[220, 90], [220, 110], [420, 110], [420, 90]]}, "Goal": {"type": "Container", "color": "black", "density": 0, "points": [[440, 80], [440, 2], [540, 2], [540, 80]], "width": 10, "innerColor": "green", "outerColor": "black"}, "Ball": {"type": "Ball", "color": "red", "density": 1, "position": [30, 270], "radius": 20}}, "blocks": {}, "constraints": {}, "gcond": {"type": "SpecificInGoal", "goal": "Goal", "obj": "Ball", "duration": 1}}, "tools": {"obj1": [[[-10, -40], [-10, 40], [10, 40], [10, -40]]], "obj2": [[[-10, -30], [-10, 30], [10, 30], [10, -30]]], "obj3": [[[-40, -20], [-40, 20], [40, 20], [40, -20]]]}, "toolNames": ["obj1", "obj2", "obj3"], "sucText": "Get the red ball into the goal"}