{"world": {"dims": [600, 600], "bts": 0.01, "gravity": 200, "defaults": {"density": 1, "friction": 0.5, "elasticity": 0.5, "color": "black", "bk_color": "white"}, "objects": {"_LeftWall": {"type": "Poly", "color": "black", "density": 0, "vertices": [[-1, -1], [-1, 601], [1, 601], [1, -1]]}, "_BottomWall": {"type": "Poly", "color": "black", "density": 0, "vertices": [[-1, -1], [-1, 1], [601, 1], [601, -1]]}, "_RightWall": {"type": "Poly", "color": "black", "density": 0, "vertices": [[599, -1], [599, 601], [601, 601], [601, -1]]}, "_TopWall": {"type": "Poly", "color": "black", "density": 0, "vertices": [[-1, 599], [-1, 601], [601, 601], [601, 599]]}, "LeftFloor": {"type": "Poly", "color": "black", "density": 0, "vertices": [[0, 0], [0, 100], [250, 100], [250, 0]]}, "RightFloor": {"type": "Poly", "color": "black", "density": 0, "vertices": [[350, 0], [350, 100], [600, 100], [600, 0]]}, "Goal": {"type": "Container", "color": "black", "density": 0, "points": [[250, 100], [250, 0], [350, 0], [350, 100]], "width": 5, "innerColor": "green", "outerColor": "black"}, "LeftBall": {"type": "Ball", "color": "red", "density": 1, "position": [125, 110], "radius": 10}, "RightBall": {"type": "Ball", "color": "red", "density": 1, "position": [475, 110], "radius": 10}, "LeftWall": {"type": "Poly", "color": "black", "density": 0, "vertices": [[0, 130], [0, 500], [50, 500], [50, 130]]}, "RightWall": {"type": "Poly", "color": "black", "density": 0, "vertices": [[550, 130], [550, 500], [600, 500], [600, 130]]}, "CenterWall": {"type": "Poly", "color": "black", "density": 0, "vertices": [[150, 130], [150, 500], [450, 500], [450, 130]]}, "LeftSlope1": {"type": "Poly", "color": "black", "density": 0, "vertices": [[100, 400], [150, 450], [150, 400]]}, "LeftSlope2": {"type": "Poly", "color": "black", "density": 0, "vertices": [[50, 250], [50, 350], [100, 300]]}, "LeftSlope3": {"type": "Poly", "color": "black", "density": 0, "vertices": [[100, 200], [150, 250], [150, 200]]}, "Cover": {"type": "Poly", "color": "black", "density": 0, "vertices": [[450, 150], [450, 170], [500, 170], [500, 150]]}}, "blocks": {"Blocker": {"color": "grey", "vertices": [[0, 0], [0, 500], [600, 500], [600, 0]]}}, "constraints": {}, "gcond": {"type": "ManyInGoal", "objlist": ["LeftBall", "RightBall"], "goal": "Goal", "duration": 1}}, "tools": {"obj1": [[[-30, 5], [-30, 25], [30, 25], [30, -25], [0, -25]]], "obj2": [[[24, -3.91886975727153e-15], [23.475542417611333, -3.3265870530841584], [21.925090983422425, -6.5077862892128024], [19.416407864998735, -9.404564036679574], [16.0591345526126, -11.890317207638304], [12.000000000000002, -13.856406460551018], [7.4164078649987335, -15.216904260722458], [2.508683118423693, -15.912350325892374], [-2.5086831184237015, -15.912350325892374], [-7.416407864998741, -15.216904260722456], [-12.00000000000001, -13.856406460551014], [-16.0591345526126, -11.890317207638304], [-19.41640786499874, -9.404564036679568], [-21.925090983422425, -6.507786289212797], [-23.475542417611337, -3.3265870530841455], [-24, 1.959434878635765e-15], [-23.475542417611337, 3.326587053084149], [-21.925090983422425, 6.507786289212802], [-19.41640786499874, 9.404564036679572], [-16.059134552612587, 11.890317207638311], [-11.999999999999995, 13.856406460551021], [-7.416407864998736, 15.216904260722458], [-2.5086831184236797, 15.912350325892374], [2.508683118423683, 15.912350325892374], [7.416407864998739, 15.216904260722456], [12.000000000000002, 13.856406460551018], [16.059134552612598, 11.890317207638308], [19.41640786499874, 9.404564036679572], [21.925090983422418, 6.5077862892128024], [23.475542417611337, 3.326587053084149]]], "obj3": [[[-5, -5], [-5, 5], [5, 5], [5, -5]], [[-20, -5], [-20, 5], [-5, 5], [-5, -5]], [[-5, 5], [-5, 20], [5, 20], [5, 5]], [[5, -5], [5, 5], [20, 5], [20, -5]], [[-5, -20], [-5, -5], [5, -5], [5, -20]]]}, "toolNames": ["obj1", "obj2", "obj3"], "sucText": "Get either ball into the green goal"}