{"world": {"dims": [600, 600], "bts": 0.01, "gravity": 200, "defaults": {"density": 1, "friction": 0.5, "elasticity": 0.5, "color": "black", "bk_color": "white"}, "objects": {"_LeftWall": {"type": "Poly", "color": "black", "density": 0, "vertices": [[-1, -1], [-1, 601], [1, 601], [1, -1]]}, "_BottomWall": {"type": "Poly", "color": "black", "density": 0, "vertices": [[-1, -1], [-1, 1], [601, 1], [601, -1]]}, "_RightWall": {"type": "Poly", "color": "black", "density": 0, "vertices": [[599, -1], [599, 601], [601, 601], [601, -1]]}, "_TopWall": {"type": "Poly", "color": "black", "density": 0, "vertices": [[-1, 599], [-1, 601], [601, 601], [601, 599]]}, "Slope": {"type": "Poly", "color": "black", "density": 0, "vertices": [[0, 0], [0, 225], [200, 100], [200, 0]]}, "Table": {"type": "Poly", "color": "blue", "density": 1, "vertices": [[203, 105], [203, 115], [447, 115], [447, 105]]}, "StrutOne": {"type": "Poly", "color": "blue", "density": 1, "vertices": [[220, 0], [220, 60], [240, 60], [240, 0]]}, "Goal": {"type": "Container", "color": "black", "density": 0, "points": [[460, 60], [460, 5], [550, 5], [550, 60]], "width": 10, "innerColor": "green", "outerColor": "black"}, "Ball": {"type": "Ball", "color": "red", "density": 1, "position": [150, 170], "radius": 15}}, "blocks": {}, "constraints": {}, "gcond": {"type": "SpecificInGoal", "goal": "Goal", "obj": "Ball", "duration": 2}}, "tools": {"obj1": [[[-10, -45], [-10, 45], [10, 45], [10, -45]]], "obj2": [[[-10, -30], [-10, 30], [10, 30], [10, -30]]], "obj3": [[[-10, -20], [-10, 20], [10, 20], [10, -20]]]}, "toolNames": ["obj1", "obj2", "obj3"], "sucText": "Get the red ball into the green goal"}