{"world": {"dims": [600, 600], "bts": 0.01, "gravity": 200, "defaults": {"density": 1, "friction": 0.5, "elasticity": 0.5, "color": "black", "bk_color": "white"}, "objects": {"_LeftWall": {"type": "Poly", "color": "black", "density": 0, "vertices": [[-1, -1], [-1, 601], [1, 601], [1, -1]]}, "_BottomWall": {"type": "Poly", "color": "black", "density": 0, "vertices": [[-1, -1], [-1, 1], [601, 1], [601, -1]]}, "_RightWall": {"type": "Poly", "color": "black", "density": 0, "vertices": [[599, -1], [599, 601], [601, 601], [601, -1]]}, "_TopWall": {"type": "Poly", "color": "black", "density": 0, "vertices": [[-1, 599], [-1, 601], [601, 601], [601, 599]]}, "Slope": {"type": "Poly", "color": "black", "density": 0, "vertices": [[0, 0], [0, 450], [350, 125], [350, 0]]}, "Ball": {"type": "Ball", "color": "red", "density": 1, "position": [120, 380], "radius": 15}, "Goal": {"type": "Container", "color": "black", "density": 0, "points": [[355, 122], [355, 0], [500, 0], [500, 122]], "width": 5, "innerColor": "green", "outerColor": "black"}, "Lid": {"type": "Poly", "color": "blue", "density": 1, "vertices": [[355, 127], [355, 135], [540, 135], [540, 127]]}}, "blocks": {}, "constraints": {}, "gcond": {"type": "SpecificInGoal", "goal": "Goal", "obj": "Ball", "duration": 2}}, "tools": {"obj1": [[[-30, 15], [-30, 30], [0, 30], [0, 15]], [[0, 15], [0, 30], [30, 30], [30, 15]], [[0, -30], [0, 15], [30, 15], [30, -30]]], "obj2": [[[-30, -30], [-30, 0], [-15, 0], [-15, -30]], [[-30, 0], [-30, 30], [-15, 30], [-15, 0]], [[-15, 0], [-15, 30], [30, 30], [30, 0]]], "obj3": [[[-20, 10], [20, 10], [0, -10]]]}, "toolNames": ["obj1", "obj2", "obj3"], "sucText": "Get the red ball into the green goal"}