{"world": {"dims": [600, 600], "bts": 0.01, "gravity": 200, "defaults": {"density": 1, "friction": 0.5, "elasticity": 0.5, "color": "black", "bk_color": "white"}, "objects": {"_LeftWall": {"type": "Poly", "color": "black", "density": 0, "vertices": [[-1, -1], [-1, 601], [1, 601], [1, -1]]}, "_BottomWall": {"type": "Poly", "color": "black", "density": 0, "vertices": [[-1, -1], [-1, 1], [601, 1], [601, -1]]}, "_RightWall": {"type": "Poly", "color": "black", "density": 0, "vertices": [[599, -1], [599, 601], [601, 601], [601, -1]]}, "_TopWall": {"type": "Poly", "color": "black", "density": 0, "vertices": [[-1, 599], [-1, 601], [601, 601], [601, 599]]}, "LeftWall": {"type": "Poly", "color": "black", "density": 0, "vertices": [[0, 0], [0, 450], [100, 450], [100, 0]]}, "RightWall": {"type": "Poly", "color": "black", "density": 0, "vertices": [[500, 0], [500, 490], [600, 490], [600, 0]]}, "Goal": {"type": "Container", "color": "black", "density": 0, "points": [[325, 510], [325, 420], [450, 420], [450, 510]], "width": 5, "innerColor": "green", "outerColor": "black"}, "MidTable": {"type": "Poly", "color": "black", "density": 0, "vertices": [[185, 280], [185, 300], [400, 300], [400, 280]]}, "MidRamp": {"type": "Poly", "color": "black", "density": 0, "vertices": [[185, 300], [185, 320], [220, 300]]}, "TopSupport": {"type": "Poly", "color": "black", "density": 0, "vertices": [[200, 550], [200, 558], [250, 558], [250, 550]]}, "TopWall": {"type": "Poly", "color": "black", "density": 0, "vertices": [[200, 558], [200, 600], [210, 600], [210, 558]]}, "Lever": {"type": "Poly", "color": "blue", "density": 1, "vertices": [[220, 560], [220, 565], [350, 565], [350, 560]]}, "Support1": {"type": "Poly", "color": "blue", "density": 1, "vertices": [[270, 300], [270, 350], [275, 350], [275, 300]]}, "Support2": {"type": "Poly", "color": "blue", "density": 1, "vertices": [[270, 350], [270, 400], [275, 400], [275, 350]]}, "Support3": {"type": "Poly", "color": "blue", "density": 1, "vertices": [[270, 400], [270, 450], [275, 450], [275, 400]]}, "Support4": {"type": "Poly", "color": "blue", "density": 1, "vertices": [[270, 450], [270, 500], [275, 500], [275, 450]]}, "Support5": {"type": "Poly", "color": "blue", "density": 1, "vertices": [[270, 500], [270, 560], [275, 560], [275, 500]]}, "FakeSup1": {"type": "Poly", "color": "blue", "density": 1, "vertices": [[270, 0], [270, 50], [275, 50], [275, 0]]}, "FakeSup2": {"type": "Poly", "color": "blue", "density": 1, "vertices": [[270, 50], [270, 100], [275, 100], [275, 50]]}, "FakeSup3": {"type": "Poly", "color": "blue", "density": 1, "vertices": [[270, 100], [270, 150], [275, 150], [275, 100]]}, "FakeSup4": {"type": "Poly", "color": "blue", "density": 1, "vertices": [[270, 150], [270, 200], [275, 200], [275, 150]]}, "GoalBall": {"type": "Ball", "color": "red", "density": 1, "position": [235, 580], "radius": 15}, "HitBall": {"type": "Ball", "color": "red", "density": 1, "position": [80, 465], "radius": 15}, "HerringBall": {"type": "Ball", "color": "red", "density": 1, "position": [520, 505], "radius": 15}}, "blocks": {"Blocker": {"color": "grey", "vertices": [[185, 300], [185, 600], [450, 600], [450, 300]]}}, "constraints": {}, "gcond": {"type": "ManyInGoal", "objlist": ["GoalBall", "HitBall", "HerringBall"], "goal": "Goal", "duration": 1}}, "tools": {"obj1": [[[-36, -30], [-36, 30], [36, 30], [36, 6], [0, -30]]], "obj2": [[[-36, 6], [-36, 30], [36, 30], [36, -30], [0, -30]]], "obj3": [[[26, -6.368163355566237e-15], [25.431837619078944, -5.405703961261757], [23.752181898707626, -10.575152719970804], [21.03444185374863, -15.282416559604307], [17.39739576533032, -19.321765462412245], [13.000000000000004, -22.516660498395403], [8.034441853748628, -24.727469423673995], [2.717740044959001, -25.857569279575106], [-2.7177400449590103, -25.857569279575106], [-8.034441853748636, -24.72746942367399], [-13.000000000000012, -22.5166604983954], [-17.39739576533032, -19.321765462412245], [-21.034441853748636, -15.282416559604298], [-23.752181898707626, -10.575152719970795], [-25.431837619078948, -5.405703961261737], [-26, 3.1840816777831186e-15], [-25.431837619078948, 5.405703961261742], [-23.752181898707626, 10.575152719970802], [-21.034441853748636, 15.282416559604306], [-17.397395765330305, 19.321765462412255], [-12.999999999999996, 22.516660498395407], [-8.034441853748632, 24.727469423673995], [-2.717740044958987, 25.857569279575106], [2.71774004495899, 25.857569279575106], [8.034441853748634, 24.72746942367399], [13.000000000000004, 22.516660498395403], [17.397395765330316, 19.321765462412248], [21.034441853748636, 15.282416559604304], [23.752181898707622, 10.575152719970804], [25.431837619078948, 5.405703961261742]]]}, "toolNames": ["obj1", "obj2", "obj3"], "sucText": "Get any red ball into the goal"}