{"dims":[600,600],"bts":0.01,"gravity":200,"defaults":{"density":1,"friction":0.5,"elasticity":0.5,"color":"black","bk_color":"white"},"objects":{"_LeftWall":{"type":"Poly","color":"black","density":0,"vertices":[[-1,-1],[-1,601],[1,601],[1,-1]]},"_BottomWall":{"type":"Poly","color":"black","density":0,"vertices":[[-1,-1],[-1,1],[601,1],[601,-1]]},"_RightWall":{"type":"Poly","color":"black","density":0,"vertices":[[599,-1],[599,601],[601,601],[601,-1]]},"_TopWall":{"type":"Poly","color":"black","density":0,"vertices":[[-1,599],[-1,601],[601,601],[601,599]]},"Table":{"type":"Poly","color":"black","density":0,"vertices":[[0,0],[0,200],[300,200],[300,0]]},"Goal":{"type":"Container","color":"black","density":0,"points":[[330,100],[330,5],[375,5],[375,100]],"width":10,"innerColor":"green","outerColor":"black"},"Ball":{"type":"Ball","color":"red","density":1,"position":[100,215],"radius":15}},"blocks":{},"constraints":{},"gcond":{"type":"SpecificInGoal","goal":"Goal","obj":"Ball","duration":2}}